"Data last updated on November 2, 2018 by the Center for Responsive Politics",,,,,,,,,,,
Name,Party,Office,Distid,NRA Direct Support,NRA Independent Support,NRA Independent Opposition,NRA Indep Expend for Opponent,NRA Indep Expend against opponent,NRA Grand Total,Rank,First Race
"Burr, Richard",R,S,NCS2,"$43,900","$1,382,481",$0,$0,"$5,587,233","$7,013,614",1,1992
"Blunt, Roy",R,S,MOS1,"$82,450","$1,410,511",$0,$0,"$3,062,871","$4,555,832",2,1996
"Tillis, Thom",R,S,NCS1,"$9,900","$1,961,654",$0,$821,"$2,447,279","$4,418,012",3,2014
"Gardner, Cory",R,S,COS2,"$5,950","$1,225,129","$59,935",$0,"$2,708,120","$3,879,264",4,2010
"Rubio, Marco",R,S,FLS2,"$4,950","$1,008,030",$0,$0,"$2,290,375","$3,303,355",5,2010
"Ernst, Joni",R,S,IAS2,"$9,900","$322,084",$0,$500,"$2,792,789","$3,124,273",6,2014
"Portman, Rob",R,S,OHS2,"$19,800","$1,453,538",$0,$0,"$1,589,595","$3,062,933",7,1993
"Young, Todd",R,S,INS2,"$9,450","$440,645",$0,$850,"$2,447,487","$2,896,732",8,2010
"Cassidy, Bill",R,S,LAS1,"$10,450","$409,201",$0,"$6,027","$2,447,423","$2,861,047",9,2008
"Perdue, David",R,S,GAS1,"$4,950","$350,904",$0,"$11,739","$1,641,658","$1,985,773",10,2014
"Cotton, Tom",R,S,ARS1,"$9,900","$1,958,814",$0,$0,$0,"$1,968,714",11,2012
"Roberts, Pat",R,S,KSS1,"$40,700","$663,384",$0,$0,"$877,069","$1,581,153",12,1980
"Toomey, Pat",R,S,PAS1,"$27,250","$889,130","$1,266",$0,"$559,068","$1,474,182",13,1998
"Blackburn, Marsha",R,H,TN07,"$40,100","$620,842",$0,$0,"$618,680","$1,279,622",14,1992
"Johnson, Ron",R,S,WIS2,"$13,400","$1,001,818",$0,$0,"$254,313","$1,269,531",15,2010
"McConnell, Mitch",R,S,KYS1,"$54,150","$771,175",$315,$0,"$441,814","$1,266,824",16,1984
"Hill, French",R,H,AR02,"$7,500","$540,612",$0,$0,"$545,865","$1,093,977",17,2014
"Buck, Kenneth R",R,H,CO04,"$8,950","$791,594",$0,$0,"$37,771","$838,315",18,2010
"Young, David",R,H,IA03,"$9,900","$385,353",$0,$0,"$369,177","$764,430",19,2014
"Thune, John",R,S,SDS1,"$54,105","$579,134",$0,$0,$753,"$633,992",20,1996
"Simpson, Mike",R,H,ID02,"$44,750","$342,720",$0,$0,$739,"$388,209",21,1998
"Flake, Jeff",R,S,AZS2,"$18,400","$347,471",$0,$0,$569,"$366,440",22,2000
"Gianforte, Greg",R,H,MT01,"$2,000","$76,619",$0,$0,"$271,621","$350,240",23,2017
"Capito, Shelley Moore",R,S,WVS2,"$30,100","$83,910",$0,"$6,038","$222,778","$330,750",24,2000
"McSally, Martha",R,H,AZ02,"$21,600","$161,641",$0,$0,"$93,496","$276,737",25,2012
"Shelby, Richard C",R,S,ALS2,"$85,900","$172,614",$0,$0,$0,"$258,514",26,1980
"Poliquin, Bruce",R,H,ME02,"$24,750","$134,006",$0,$0,"$81,331","$240,087",27,2012
"Young, Don",R,H,AK01,"$123,254","$112,205",$0,$565,"$1,224","$236,118",28,1973
"Smucker, Lloyd",R,H,PA16,"$8,950","$217,283",$0,$0,$0,"$226,233",29,2016
"Grassley, Chuck",R,S,IAS1,"$39,650","$186,357","$3,570",$0,$0,"$222,437",30,1974
"Kennedy, John",R,S,LAS2,"$9,900","$205,888",$0,$0,$0,"$215,788",31,2004
"Budd, Ted",R,H,NC13,"$7,500","$191,153",$0,$0,"$12,482","$211,135",32,2016
"Sessions, Pete",R,H,TX32,"$114,600","$24,927",$0,"$2,000","$57,999","$195,526",33,1994
"Culberson, John",R,H,TX07,"$40,400","$147,591",$0,$0,"$4,495","$192,486",34,2000
"Heller, Dean",R,S,NVS1,"$31,250","$77,668",$0,$541,"$83,358","$191,735",35,2006
"Comstock, Barbara",R,H,VA10,"$17,850","$121,547",$0,$0,"$19,010","$158,407",36,2014
"Cruz, Ted",R,S,TXS2,"$20,050","$100,246",$0,$0,"$33,860","$154,156",37,2012
"Hatch, Orrin G",R,S,UTS1,"$24,400","$125,972",$0,$0,$428,"$150,800",38,1976
"Chabot, Steve",R,H,OH01,"$77,900","$54,251",$0,$0,"$10,171","$142,322",39,1988
"Murkowski, Lisa",R,S,AKS2,"$20,050","$121,486",$0,$0,$0,"$141,536",40,2002
"Tenney, Claudia",R,H,NY22,"$15,850","$111,249",$0,$0,"$11,609","$138,708",41,2014
"Goodlatte, Bob",R,H,VA06,"$114,500","$22,419",$0,$0,$702,"$137,621",42,1992
"Isakson, Johnny",R,S,GAS2,"$14,950","$116,240",$0,$0,$381,"$131,571",43,1996
"Walberg, Tim",R,H,MI07,"$24,400","$85,623",$0,$0,"$19,352","$129,375",44,2004
"Daines, Steven",R,S,MTS2,"$9,700","$75,732",$0,$0,"$36,279","$121,711",45,2012
"Coffman, Mike",R,H,CO06,"$41,650","$77,354",$0,$0,$447,"$119,451",46,2002
"Wicker, Roger",R,S,MSS2,"$45,700","$60,980",$0,$320,$0,"$106,360",47,1994
"Paul, Rand",R,S,KYS2,"$9,900","$94,556",$0,$0,$0,"$104,456",48,2010
"Tipton, Scott",R,H,CO03,"$19,950","$85,264",$0,"$1,191",$0,"$104,023",49,2006
"Graves, Sam",R,H,MO06,"$39,100","$60,504",$0,$431,"$4,743","$103,916",50,2000
"Handel, Karen",R,H,GA06,"$5,000","$26,775",$0,$0,"$70,039","$101,814",51,2014
"Beutler, Jaime Herrera",R,H,WA03,"$10,450","$84,848",$0,$0,$0,"$95,298",52,2010
"Rounds, Mike",R,S,SDS2,"$5,450","$83,983",$0,$0,"$3,616","$93,049",53,2014
"Renacci, Jim",R,H,OH16,"$26,300","$48,374",$0,$0,"$15,720","$90,394",54,2010
"Pearce, Steve",R,H,NM02,"$28,900","$59,414",$617,$0,$617,"$88,314",55,2000
"Boozman, John",R,S,ARS2,"$21,850","$60,502",$0,$0,$0,"$82,352",56,2001
"Faso, John",R,H,NY19,"$15,850","$51,432",$0,$0,"$14,396","$81,678",57,2016
"Schweikert, David",R,H,AZ06,"$15,950","$64,785",$0,$0,$0,"$80,735",58,1994
"Corker, Bob",R,S,TNS1,"$10,400","$68,803",$0,$0,$0,"$79,203",59,1994
"Shuster, Bill",R,H,PA09,"$30,400","$51,750","$4,802",$0,$0,"$77,348",60,2001
"Curbelo, Carlos",R,H,FL26,"$7,450","$36,584",$0,$0,"$31,391","$75,425",61,2014
"Stivers, Steve",R,H,OH15,"$30,300","$42,602",$0,$0,$595,"$73,497",62,2008
"Davis, Rodney",R,H,IL13,"$16,900","$42,576",$0,$0,"$13,207","$72,683",63,2012
"Sasse, Ben",R,S,NES2,"$4,950","$63,673",$0,$0,$0,"$68,623",64,2014
"Blum, Rod",R,H,IA01,"$10,950","$48,298","$2,131",$0,"$11,469","$68,586",65,2012
"Aderholt, Robert B",R,H,AL04,"$50,699","$17,341",$0,$0,$527,"$68,567",66,1996
"Yoder, Kevin",R,H,KS03,"$21,900","$39,209",$0,$0,"$6,171","$67,280",67,2010
"Zeldin, Lee",R,H,NY01,"$24,750","$41,431",$0,$0,$0,"$66,181",68,2008
"Katko, John",R,H,NY24,"$12,900","$42,692",$0,$0,"$9,591","$65,183",69,2014
"Inhofe, James M",R,S,OKS2,"$60,500","$5,258","$1,567",$0,$0,"$64,191",70,1986
"King, Steven A",R,H,IA04,"$21,800","$41,604",$0,$0,$0,"$63,404",71,2002
"Dent, Charlie",R,H,PA15,"$28,850","$33,801",$0,$0,$122,"$62,773",72,2004
"Ryan, Paul",R,H,WI01,"$60,800","$1,075",$0,$0,$474,"$62,349",73,1998
"Cornyn, John",R,S,TXS1,"$38,250","$35,745","$12,360",$0,$0,"$61,635",74,2002
"Jones, Walter B Jr",R,H,NC03,"$48,200","$11,560",$0,$0,$449,"$60,209",75,1992
"Calvert, Ken",R,H,CA42,"$56,400","$2,781",$0,$0,$0,"$59,181",76,1982
"Barton, Joe",R,H,TX06,"$58,398",$478,$0,$0,$0,"$58,876",77,1984
"Johnson, Bill",R,H,OH06,"$15,450","$45,630",$0,"$2,329",$0,"$58,751",78,2010
"Denham, Jeff",R,H,CA10,"$23,400","$31,300",$0,$0,"$3,839","$58,539",79,2010
"Lucas, Frank D",R,H,OK03,"$52,800","$5,599",$0,$490,$0,"$57,909",80,1994
"Duffy, Sean P",R,H,WI07,"$14,950","$42,434",$0,$0,$0,"$57,384",81,2010
"Shimkus, John M",R,H,IL15,"$41,550","$15,132",$0,$0,$328,"$57,010",82,1992
"Rogers, Hal",R,H,KY05,"$55,750",$693,$0,$422,$42,"$56,063",83,1980
"Crapo, Mike",R,S,IDS2,"$48,650","$6,389",$0,$0,$0,"$55,039",84,1992
"Graham, Lindsey",R,S,SCS2,"$46,850","$8,723","$1,897",$0,$388,"$54,064",85,1994
"Valadao, David",R,H,CA21,"$21,400","$31,288",$0,$0,$402,"$53,090",86,2012
"Barletta, Lou",R,H,PA11,"$12,450","$22,867",$0,"$3,585","$20,404","$52,136",87,2002
"Bishop, Sanford",D,H,GA02,"$49,350",$527,$0,$381,$0,"$49,496",88,1992
"Peterson, Collin",D,H,MN07,"$40,250","$8,498",$0,$427,$0,"$48,321",89,1984
"Joyce, David P",R,H,OH14,"$9,500","$38,340",$0,$0,$81,"$47,921",90,2012
"Walden, Greg",R,H,OR02,"$40,250","$6,496",$0,$0,$0,"$46,746",91,1998
"Latta, Robert E",R,H,OH05,"$21,650","$22,812",$0,$0,$599,"$45,061",92,2007
"McClintock, Tom",R,H,CA04,"$25,850","$19,092",$0,$0,$0,"$44,942",93,1992
"McCarthy, Kevin",R,H,CA23,"$31,800","$12,040",$0,$0,$0,"$43,840",94,2006
"Gallagher, Mike",R,H,WI08,"$4,950","$36,629",$0,$0,$859,"$42,438",95,2016
"Smith, Lamar",R,H,TX21,"$41,500",$478,$0,$0,$414,"$42,392",96,1986
"Luetkemeyer, Blaine",R,H,MO03,"$18,450","$23,932",$0,$0,$0,"$42,382",97,2008
"McHenry, Patrick",R,H,NC10,"$36,800","$5,270",$0,$0,$0,"$42,070",98,2004
"Bost, Mike",R,H,IL12,"$8,500","$18,405",$0,$0,"$14,645","$41,550",99,2014
"Holding, George",R,H,NC02,"$9,000","$16,307",$0,$0,"$15,510","$40,817",100,2012
"Carter, John",R,H,TX31,"$32,900","$3,671",$0,$0,"$3,607","$40,178",101,2002
"Barr, Andy",R,H,KY06,"$17,350","$12,207",$0,$959,"$10,833","$39,431",102,2010
"Rodgers, Cathy McMorris",R,H,WA05,"$19,450","$9,316",$0,$0,"$10,189","$38,955",103,2004
"Rohrabacher, Dana",R,H,CA48,"$36,200","$1,667",$0,$0,$800,"$38,667",104,1988
"Issa, Darrell",R,H,CA49,"$29,900","$8,014",$0,$0,$278,"$38,192",105,1998
"Webster, Daniel",R,H,FL11,"$7,950","$29,838",$0,$0,$93,"$37,881",106,2004
"Cole, Tom",R,H,OK04,"$29,200","$8,112",$0,$0,$0,"$37,312",107,2002
"Hultgren, Randy",R,H,IL14,"$15,000","$12,169",$0,$0,"$9,915","$37,084",108,2010
"Hurd, Will",R,H,TX23,"$16,850","$17,870",$0,$0,"$1,999","$36,719",109,2010
"Kelly, Mike",R,H,PA03,"$11,000","$24,466",$0,$0,$0,"$35,466",110,2010
"Moran, Jerry",R,S,KSS2,"$19,350","$15,368",$0,$0,$0,"$34,718",111,1996
"Thornberry, Mac",R,H,TX13,"$33,450",$478,$0,$0,$414,"$34,342",112,1994
"Scalise, Steve",R,H,LA01,"$34,050",$0,$0,$0,$0,"$34,050",113,2000
"Perry, Scott",R,H,PA04,"$8,500","$13,322",$0,$0,"$12,002","$33,824",114,2012
"Lamborn, Douglas L",R,H,CO05,"$20,950","$12,610",$0,$0,$0,"$33,560",115,2006
"Paulsen, Erik",R,H,MN03,"$21,150","$11,867",$0,$0,$493,"$33,510",116,2008
"Bacon, Donald John",R,H,NE02,"$8,450","$18,591",$0,$0,"$6,213","$33,254",117,2016
"Diaz-Balart, Mario",R,H,FL25,"$28,450","$4,552",$0,$0,$0,"$33,002",118,2002
"Mast, Brian",R,H,FL18,"$5,950","$26,569",$0,$0,$0,"$32,519",119,2016
"Brady, Kevin",R,H,TX08,"$23,500","$8,919",$0,$0,$0,"$32,419",120,1996
"Balderson, Troy",R,H,OH12,"$4,500","$14,519",$0,$0,"$13,399","$32,418",121,2018
"Johnson, Sam",R,H,TX03,"$31,450",$478,$0,$0,$414,"$32,342",122,1991
"Roskam, Peter",R,H,IL06,"$20,450","$11,623",$0,$0,$143,"$32,216",123,1998
"Rogers, Mike D",R,H,AL03,"$33,850",$229,"$2,248",$0,$0,"$31,831",124,2002
"Cuellar, Henry",D,H,TX28,"$29,300","$1,994",$0,$73,$448,"$31,669",125,2002
"Costello, Ryan",R,H,PA06,"$9,900","$21,094",$0,$0,$125,"$31,119",126,2010
"McCaul, Michael",R,H,TX10,"$27,000","$2,916",$0,$0,$0,"$29,916",127,2004
"Brat, Dave",R,H,VA07,"$7,000","$11,409",$0,$0,"$11,409","$29,818",128,2014
"Green, Gene",D,H,TX29,"$29,850",$478,$414,$414,$0,"$29,500",129,1992
"Royce, Ed",R,H,CA39,"$28,820",$358,$0,$0,$278,"$29,456",130,1992
"Hensarling, Jeb",R,H,TX05,"$24,150","$5,389",$452,$0,$0,"$29,087",131,2002
"Knight, Steve",R,H,CA25,"$8,000","$14,560",$0,$0,"$5,073","$27,633",132,2014
"Wittman, Rob",R,H,VA01,"$18,000","$9,221",$0,$0,$0,"$27,221",133,2007
"Barrasso, John A",R,S,WYS1,"$22,849","$4,140",$0,$0,$0,"$26,989",134,2007
"Harris, Andy",R,H,MD01,"$22,900","$3,547",$0,$0,$0,"$26,447",135,2008
"Turner, Michael R",R,H,OH10,"$23,995",$871,$0,$0,$599,"$25,465",136,2002
"Ryan, Tim",D,H,OH13,"$19,996","$8,005","$3,196",$0,$0,"$24,805",137,2002
"Sensenbrenner, F James Jr",R,H,WI05,"$22,200","$2,125",$0,$0,$474,"$24,799",138,1978
"Enzi, Mike",R,S,WYS2,"$20,900","$3,822",$0,$0,$0,"$24,722",139,1996
"Nunes, Devin",R,H,CA22,"$23,950",$340,$0,$0,$260,"$24,550",140,1998
"Bishop, Rob",R,H,UT01,"$23,900",$402,$0,$0,$0,"$24,302",141,2002
"Foxx, Virginia",R,H,NC05,"$23,900",$178,$0,$0,$0,"$24,078",142,2004
"Mooney, Alex",R,H,WV02,"$8,950","$14,727",$0,$0,$0,"$23,677",143,2012
"Alexander, Lamar",R,S,TNS2,"$15,100","$10,193","$1,867",$0,$0,"$23,426",144,1996
"Reed, Tom",R,H,NY23,"$13,950","$9,212",$0,$0,$0,"$23,162",145,2010
"Black, Diane",R,H,TN06,"$10,000","$12,991",$0,$0,$0,"$22,991",146,2010
"Walorski, Jackie",R,H,IN02,"$12,000","$10,910",$0,$0,$0,"$22,910",147,2010
"Fortenberry, Jeff",R,H,NE01,"$12,950","$9,678",$0,$0,$0,"$22,628",148,2004
"Duncan, John J Jr",R,H,TN02,"$21,900",$636,$0,$0,$0,"$22,536",149,1988
"Grothman, Glenn S",R,H,WI06,"$4,000","$9,745",$0,$0,"$8,316","$22,061",150,2014
"Taylor, Scott W",R,H,VA02,"$4,500","$9,541",$0,$0,"$7,751","$21,792",151,2010
"Reichert, Dave",R,H,WA08,"$3,000","$15,436",$0,$0,"$3,342","$21,778",152,2004
"Hoeven, John",R,S,NDS1,"$14,400","$6,650",$0,$0,$0,"$21,050",153,2010
"MacArthur, Thomas",R,H,NJ03,$0,"$14,156",$0,$0,"$6,876","$21,032",154,2014
"Hudson, Richard",R,H,NC08,"$10,950","$9,476",$0,$0,$599,"$21,025",155,2012
"Granger, Kay",R,H,TX12,"$19,950",$478,$0,$0,$0,"$20,428",156,1996
"Gosar, Paul",R,H,AZ04,"$9,950","$8,985",$0,$0,"$1,475","$20,410",157,2010
"Buchanan, Vernon",R,H,FL16,"$15,450","$4,490",$0,$0,$0,"$19,940",158,2006
"Amodei, Mark",R,H,NV02,"$10,000","$9,640",$0,$0,$0,"$19,640",159,2010
"Ross, Dennis",R,H,FL15,"$11,000","$8,375",$0,$0,$0,"$19,375",160,2010
"Burgess, Michael",R,H,TX26,"$19,150",$64,$0,$0,$0,"$19,214",161,2002
"Wilson, Joe",R,H,SC02,"$20,950",$321,"$2,094",$0,$0,"$19,177",162,2001
"LaHood, Darin",R,H,IL18,"$5,000","$13,990",$0,$0,$0,"$18,990",163,2015
"Lankford, James",R,S,OKS1,"$11,500","$7,455",$0,$0,$0,"$18,955",164,2010
"Risch, James E",R,S,IDS1,"$18,850",$0,$0,$0,$0,"$18,850",165,2008
"Scott, Tim",R,S,SCS1,"$17,950",$563,$0,$0,$0,"$18,513",166,2010
"McKinley, David",R,H,WV01,"$10,500","$7,963",$0,$0,$0,"$18,463",167,2010
"Collins, Susan M",R,S,MES2,"$19,800",$0,"$1,701",$0,$0,"$18,099",168,1996
"Conaway, Mike",R,H,TX11,"$18,000",$64,$0,$0,$0,"$18,064",169,2004
"Mullin, Markwayne",R,H,OK02,"$9,950","$7,976",$0,$0,$0,"$17,926",170,2012
"Smith, Adrian",R,H,NE03,"$17,800",$0,$0,$0,$0,"$17,800",171,2006
"Walz, Tim",D,H,MN01,"$18,950","$4,658",$0,"$6,358",$0,"$17,250",172,2006
"Jordan, Jim",R,H,OH04,"$13,500","$3,452",$0,$0,$0,"$16,952",173,2006
"Bilirakis, Gus",R,H,FL12,"$16,450",$0,$0,$0,$0,"$16,450",174,2006
"Olson, Pete",R,H,TX22,"$18,950",$0,$0,"$2,647",$0,"$16,303",175,2008
"Fischer, Deb",R,S,NES1,"$5,950","$8,359",$0,$0,"$1,651","$15,960",176,2012
"Posey, Bill",R,H,FL08,"$13,500","$2,436",$0,$0,$0,"$15,936",177,2008
"Marchant, Kenny",R,H,TX24,"$15,750",$64,$0,$0,$0,"$15,814",178,2004
"Poe, Ted",R,H,TX02,"$15,500",$0,$0,$64,$0,"$15,436",179,2004
"Walters, Mimi",R,H,CA45,"$6,500","$4,360",$0,$0,"$4,360","$15,220",180,2014
"Bucshon, Larry",R,H,IN08,"$9,000","$6,210",$0,$0,$0,"$15,210",181,2010
"Flores, Bill",R,H,TX17,"$15,000",$0,$0,$0,$0,"$15,000",182,2010
"Labrador, Raul",R,H,ID01,"$14,050",$763,$0,$0,$0,"$14,813",183,2010
"Pittenger, Robert",R,H,NC09,"$7,000","$7,113",$0,$0,$599,"$14,712",184,2012
"Graves, Tom",R,H,GA14,"$14,650",$0,$0,$0,$0,"$14,650",185,2010
"Long, Billy",R,H,MO07,"$12,500","$1,638",$0,$0,$0,"$14,138",186,2010
"Griffith, Morgan",R,H,VA09,"$12,650",$702,$0,$0,$702,"$14,054",187,2010
"Hunter, Duncan D",R,H,CA50,"$14,000",$0,$0,$0,$0,"$14,000",188,2008
"Hyde-Smith, Cindy",R,S,MSS1,"$4,950","$9,004",$0,$0,$0,"$13,954",189,2018
"Lewis, Jason",R,H,MN02,"$8,450","$4,805",$0,$0,$616,"$13,871",190,2016
"Duncan, Jeff",R,H,SC03,"$13,500",$0,$0,$0,$0,"$13,500",191,2010
"Bishop, Mike",R,H,MI08,"$5,500","$7,035",$0,$0,$953,"$13,488",192,2014
"Gohmert, Louis B Jr",R,H,TX01,"$13,450",$0,$0,$64,$0,"$13,386",193,2004
"Cramer, Kevin",R,H,ND01,"$10,211","$1,522",$0,$0,"$1,522","$13,255",194,1996
"Thompson, Glenn",R,H,PA05,"$11,500","$1,747",$0,$0,$0,"$13,247",195,2008
"Upton, Fred",R,H,MI06,"$9,000","$3,601",$0,$0,$495,"$13,096",196,1986
"Roby, Martha",R,H,AL02,"$10,000","$2,889",$0,$0,$0,"$12,889",197,2010
"Marino, Tom",R,H,PA10,"$11,000","$1,794",$0,$0,$0,"$12,794",198,2010
"Huizenga, Bill",R,H,MI02,"$12,650",$0,$0,$0,$0,"$12,650",199,2010
"Moolenaar, John",R,H,MI04,"$7,000","$5,554",$0,$0,$0,"$12,554",200,2014
"Fleischmann, Chuck",R,H,TN03,"$9,000","$3,357",$0,$0,$0,"$12,357",201,2010
"Sanford, Mark",R,H,SC01,"$6,000","$6,290",$0,$0,$0,"$12,290",202,1994
"Comer, James",R,H,KY01,"$5,950","$6,242",$0,$0,$0,"$12,192",203,2016
"Collins, Doug",R,H,GA09,"$5,500","$6,640",$0,$0,$0,"$12,140",204,2012
"Russell, Steven",R,H,OK05,"$6,000","$5,904",$0,$0,$0,"$11,904",205,2014
"Love, Mia",R,H,UT04,"$5,000","$5,903",$0,"$4,658","$4,890","$11,135",206,2012
"Norman, Ralph",R,H,SC05,"$7,950","$3,079",$0,$0,$0,"$11,029",207,2006
"LaMalfa, Doug",R,H,CA01,"$7,000","$3,590",$0,$0,$0,"$10,590",208,2012
"Westerman, Bruce",R,H,AR04,"$4,000","$6,504",$0,$0,$0,"$10,504",209,2014
"Womack, Steve",R,H,AR03,"$10,500",$0,$0,$0,$0,"$10,500",210,2010
"Rooney, Tom",R,H,FL17,"$10,500",$0,$0,$0,$0,"$10,500",210,2008
"Guthrie, Brett",R,H,KY02,"$10,500",$0,$0,$0,$0,"$10,500",210,2008
"Kind, Ron",D,H,WI03,"$7,950","$3,074",$0,$742,$0,"$10,282",213,1996
"Crist, Charlie",D,H,FL13,"$10,150",$0,$0,$0,$0,"$10,150",214,1998
"Harper, Gregg",R,H,MS03,"$10,150",$0,$0,$0,$0,"$10,150",214,2008
"Crawford, Rick",R,H,AR01,"$8,000","$1,977",$0,$0,$0,"$9,977",216,2010
"Schrader, Kurt",D,H,OR05,"$5,000","$4,887",$0,$0,$0,"$9,887",217,2008
"Collins, Chris",R,H,NY27,"$6,000",$0,$0,$0,"$3,695","$9,695",218,1998
"Wagner, Ann L",R,H,MO02,"$7,150","$2,477",$0,$0,$0,"$9,627",219,2012
"Smith, Jason",R,H,MO08,"$7,500","$1,809",$0,$0,$0,"$9,309",220,2013
"Byrne, Bradley",R,H,AL01,"$6,000","$3,237",$0,$0,$0,"$9,237",221,2013
"Williams, Roger",R,H,TX25,"$9,000",$0,$0,$0,$0,"$9,000",222,2012
"Stewart, Chris",R,H,UT02,"$9,000",$0,$0,$0,$0,"$9,000",222,2012
"Garrett, Tom",R,H,VA05,"$3,000","$5,174",$150,$0,$596,"$8,620",224,2016
"Hollingsworth, Trey",R,H,IN09,"$4,000","$4,600",$0,$0,$0,"$8,600",225,2016
"Babin, Brian",R,H,TX36,"$8,500",$0,$0,$0,$0,"$8,500",226,1996
"Lee, Mike",R,S,UTS2,"$5,000","$3,291",$0,$0,$0,"$8,291",227,2010
"Johnson, Mike",R,H,LA04,"$3,000","$5,223",$0,$0,$0,"$8,223",228,2016
"Stefanik, Elise",R,H,NY21,"$6,000","$2,179",$0,$0,$0,"$8,179",229,2014
"Cook, Paul",R,H,CA08,"$8,000",$0,$0,$0,$0,"$8,000",230,2012
"Messer, Luke",R,H,IN06,"$8,000",$0,$0,$0,$0,"$8,000",230,2000
"Jenkins, Lynn",R,H,KS02,"$8,000",$0,$0,$0,$0,"$8,000",230,2008
"Wenstrup, Brad",R,H,OH02,"$8,000",$0,$0,$0,$0,"$8,000",230,2012
"Rice, Tom",R,H,SC07,"$8,000",$0,$0,$0,$0,"$8,000",230,2012
"Rothfus, Keith J",R,H,PA12,"$15,400","$2,382",$0,"$11,369","$1,171","$7,584",235,2010
"Palazzo, Steven",R,H,MS04,"$8,250","$2,153",$0,"$3,201",$0,"$7,202",236,2010
"Gowdy, Trey",R,H,SC04,"$7,150",$0,$0,$0,$0,"$7,150",237,2010
"Lesko, Debbie",R,H,AZ08,"$3,000","$4,047",$0,$0,$0,"$7,047",238,2018
"Leahy, Patrick",D,S,VTS2,"$7,000",$0,$0,$0,$0,"$7,000",239,1974
"Rokita, Todd",R,H,IN04,"$7,000",$0,$0,$0,$0,"$7,000",239,2010
"Estes, Ron",R,H,KS04,"$3,000","$3,979",$0,$0,$0,"$6,979",241,2017
"Graves, Garret",R,H,LA06,"$4,000","$2,900",$0,$0,$0,"$6,900",242,2014
"Scott, Austin",R,H,GA08,"$7,500",$0,$0,$632,$0,"$6,868",243,2010
"Bergman, John",R,H,MI01,"$6,450",$0,$0,$0,$0,"$6,450",244,2016
"Dunn, Neal",R,H,FL02,"$4,750","$1,699",$0,$0,$0,"$6,449",245,2016
"Desjarlais, Scott",R,H,TN04,"$9,000","$3,930",$0,"$6,538",$0,"$6,392",246,2010
"Emmer, Tom",R,H,MN06,"$5,000","$1,370",$0,$0,$0,"$6,370",247,2014
"Biggs, Andy",R,H,AZ05,"$3,000","$3,309",$0,$0,$0,"$6,309",248,2016
"Hartzler, Vicky",R,H,MO04,"$10,500","$3,715",$0,"$8,795",$596,"$6,016",249,2010
"Brooks, Mo",R,H,AL05,"$6,000",$0,$0,$0,$0,"$6,000",250,2010
"Palmer, Gary",R,H,AL06,"$6,000",$0,$0,$0,$0,"$6,000",250,2014
"Loudermilk, Barry",R,H,GA11,"$6,000",$0,$0,$0,$0,"$6,000",250,2014
"Hastings, Alcee L",D,H,FL20,"$5,950",$0,$0,$0,$0,"$5,950",253,1992
"Kustoff, David",R,H,TN08,"$4,000","$1,616",$0,$0,$0,"$5,616",254,2002
"Mitchell, Paul",R,H,MI10,"$5,500",$0,$0,$0,$0,"$5,500",255,2014
"Trott, Dave",R,H,MI11,"$3,000","$2,435",$0,$0,$0,"$5,435",256,2014
"Carter, Buddy",R,H,GA01,"$5,000",$352,$0,$0,$0,"$5,352",257,2014
"Gibbs, Bob",R,H,OH07,"$10,500","$2,041",$0,"$7,244",$0,"$5,297",258,2010
"Yoho, Ted",R,H,FL03,"$5,000",$92,$0,$0,$92,"$5,184",259,2012
"Meadows, Mark R",R,H,NC11,"$5,150",$0,$0,$0,$0,"$5,150",260,2012
"Ferguson, Drew",R,H,GA03,"$5,000",$0,$0,$0,$0,"$5,000",261,2016
"Hice, Jody B",R,H,GA10,"$5,000",$0,$0,$0,$0,"$5,000",261,2010
"Newhouse, Dan",R,H,WA04,"$5,000",$0,$0,$0,$0,"$5,000",261,2014
"King, Pete",R,H,NY02,"$4,950",$0,$252,$0,$252,"$4,950",264,1992
"Ratcliffe, John Lee",R,H,TX04,"$4,500",$0,$0,$0,$0,"$4,500",265,2014
"Rouzer, David",R,H,NC07,"$4,000",$427,$0,$0,$0,"$4,427",266,2012
"Clyburn, James E",D,H,SC06,"$4,950",$0,$388,$388,$0,"$4,174",267,1992
"Woodall, Rob",R,H,GA07,"$4,000",$0,$0,$0,$0,"$4,000",268,2010
"Walker, Mark",R,H,NC06,"$4,000",$0,$0,$0,$0,"$4,000",268,2014
"Weber, Randy",R,H,TX14,"$4,000",$0,$0,$0,$0,"$4,000",268,2012
"Curtis, John",R,H,UT03,"$4,000",$0,$0,$0,$0,"$4,000",268,2017
"Kelly, Trent",R,H,MS01,"$2,000","$1,921",$0,$0,$0,"$3,921",272,2015
"Banks, Jim",R,H,IN03,"$2,000","$1,554",$0,$0,$0,"$3,554",273,2016
"Gaetz, Matt",R,H,FL01,"$3,500",$0,$0,$0,$0,"$3,500",274,2016
"Marshall, Roger",R,H,KS01,"$3,500",$0,$0,$0,$0,"$3,500",274,2016
"Lujan, Ben R",D,H,NM03,"$3,500",$0,$0,$0,$0,"$3,500",274,2008
"Brooks, Susan",R,H,IN05,"$3,000",$0,$0,$0,$0,"$3,000",277,2012
"Davidson, Warren",R,H,OH08,"$3,000",$0,$0,$0,$0,"$3,000",277,2016
"DeFazio, Peter",D,H,OR04,"$3,000",$0,$0,$0,$0,"$3,000",277,1986
"LoBiondo, Frank",R,H,NJ02,"$1,000",$792,$0,$0,$256,"$2,048",280,1992
"Ros-Lehtinen, Ileana",R,H,FL27,"$2,000",$0,$0,$0,$0,"$2,000",281,1989
"Massie, Thomas",R,H,KY04,"$2,000",$0,$0,$0,$0,"$2,000",281,2012
"Arrington, Jodey",R,H,TX19,"$2,000",$0,$0,$0,$0,"$2,000",281,2016
"Cloud, Michael",R,H,TX27,"$2,000",$0,$0,$0,$0,"$2,000",281,2018
"Cheney, Liz",R,H,WY01,"$2,000",$0,$0,$0,$0,"$2,000",281,2014
"Roe, Phil",R,H,TN01,$0,"$1,565",$0,$0,$0,"$1,565",286,2006
"Allen, Richard W",R,H,GA12,"$5,000",$0,$0,"$3,753",$0,"$1,247",287,2012
"Rutherford, John",R,H,FL04,"$1,000",$0,$0,$0,$0,"$1,000",288,2016
"Amash, Justin",R,H,MI03,"$1,000",$0,$0,$0,$0,"$1,000",288,2010
"Lance, Leonard",R,H,NJ07,"$1,000",$0,$0,$0,$0,"$1,000",288,1996
"Welch, Peter",D,H,VT01,"$1,000",$0,$0,$0,$0,"$1,000",288,2006
"Lynch, Stephen F",D,H,MA08,$0,$0,$0,$0,$555,$555,292,2001
"Sanders, Bernie",I,S,VTS1,$0,$238,$0,$0,$238,$476,293,1988
"Cooper, Jim",D,H,TN05,$0,$201,$0,$0,$0,$201,294,1982
"Smith, Adam",D,H,WA09,$0,$518,$0,$496,$0,$22,295,1996
"Sullivan, Dan",R,S,AKS1,$0,$565,$0,$565,$0,$0,296,2014
"Harris, Kamala D",D,S,CAS1,$0,$0,$0,$0,$0,$0,296,2016
"Van Hollen, Chris",D,S,MDS2,$0,$0,$0,$0,$0,$0,296,2002
"Wyden, Ron",D,S,ORS2,$0,$0,$0,$0,$0,$0,296,1980
"Whitehouse, Sheldon",D,S,RIS1,$0,$0,$0,$0,$0,$0,296,2006
"Reed, Jack",D,S,RIS2,$0,$0,$0,$0,$0,$0,296,1990
"Sewell, Terri A",D,H,AL07,$0,$0,$0,$0,$0,$0,296,2010
"Gallego, Ruben",D,H,AZ07,$0,$0,$0,$0,$0,$0,296,2014
"Huffman, Jared",D,H,CA02,$0,$0,$0,$0,$0,$0,296,2012
"Matsui, Doris O",D,H,CA06,$0,$0,$0,$0,$0,$0,296,2005
"Desaulnier, Mark",D,H,CA11,$0,$0,$0,$0,$0,$0,296,2010
"Speier, Jackie",D,H,CA14,$0,$0,$0,$0,$0,$0,296,2008
"Swalwell, Eric",D,H,CA15,$0,$0,$0,$0,$0,$0,296,2012
"Khanna, Ro",D,H,CA17,$0,$0,$0,$0,$0,$0,296,2004
"Panetta, Jimmy",D,H,CA20,$0,$0,$0,$0,$0,$0,296,2016
"Chu, Judy",D,H,CA27,$0,$0,$0,$0,$0,$0,296,2009
"Cardenas, Tony",D,H,CA29,$0,$0,$0,$0,$0,$0,296,2012
"Lieu, Ted",D,H,CA33,$0,$0,$0,$0,$0,$0,296,2014
"Gomez, Jimmy",D,H,CA34,$0,$0,$0,$0,$0,$0,296,2017
"Torres, Norma",D,H,CA35,$0,$0,$0,$0,$0,$0,296,2014
"Bass, Karen",D,H,CA37,$0,$0,$0,$0,$0,$0,296,2010
"Sanchez, Linda",D,H,CA38,$0,$0,$0,$0,$0,$0,296,2002
"Barragan, Nanette",D,H,CA44,$0,$0,$0,$0,$0,$0,296,2016
"Correa, Lou",D,H,CA46,$0,$0,$0,$0,$0,$0,296,2016
"Vargas, Juan",D,H,CA51,$0,$0,$0,$0,$0,$0,296,1996
"DeGette, Diana",D,H,CO01,$0,$0,$0,$0,$0,$0,296,1996
"Polis, Jared",D,H,CO02,$0,$0,$0,$0,$0,$0,296,2008
"Himes, Jim",D,H,CT04,$0,$0,$0,$0,$0,$0,296,2008
"Esty, Elizabeth",D,H,CT05,$0,$0,$0,$0,$0,$0,296,2012
"Rochester, Lisa Blunt",D,H,DE01,$0,$0,$0,$0,$0,$0,296,2016
"Soto, Darren",D,H,FL09,$0,$0,$0,$0,$0,$0,296,2016
"Castor, Kathy",D,H,FL14,$0,$0,$0,$0,$0,$0,296,2006
"Rooney, Francis",R,H,FL19,$0,$0,$0,$0,$0,$0,296,2016
"Deutch, Ted",D,H,FL22,$0,$0,$0,$0,$0,$0,296,2010
"Schultz, Debbie Wasserman",D,H,FL23,$0,$0,$0,$0,$0,$0,296,2004
"Wilson, Frederica",D,H,FL24,$0,$0,$0,$0,$0,$0,296,2010
"Scott, David",D,H,GA13,$0,$0,$0,$0,$0,$0,296,2002
"Krishnamoorthi, Raja",D,H,IL08,$0,$0,$0,$0,$0,$0,296,2012
"Carson, Andre",D,H,IN07,$0,$0,$0,$0,$0,$0,296,2008
"Richmond, Cedric",D,H,LA02,$0,$0,$0,$0,$0,$0,296,2008
"Tsongas, Niki",D,H,MA03,$0,$0,$0,$0,$0,$0,296,2007
"Kennedy, Joe III",D,H,MA04,$0,$0,$0,$0,$0,$0,296,2012
"Clark, Katherine",D,H,MA05,$0,$0,$0,$0,$0,$0,296,2013
"Moulton, Seth",D,H,MA06,$0,$0,$0,$0,$0,$0,296,2014
"Sarbanes, John",D,H,MD03,$0,$0,$0,$0,$0,$0,296,2006
"Brown, Anthony",D,H,MD04,$0,$0,$0,$0,$0,$0,296,2016
"Raskin, Jamie",D,H,MD08,$0,$0,$0,$0,$0,$0,296,2016
"Kildee, Dan",D,H,MI05,$0,$0,$0,$0,$0,$0,296,2012
"Dingell, Debbie",D,H,MI12,$0,$0,$0,$0,$0,$0,296,2014
"Lawrence, Brenda",D,H,MI14,$0,$0,$0,$0,$0,$0,296,2012
"Ellison, Keith",D,H,MN05,$0,$0,$0,$0,$0,$0,296,2006
"Butterfield, G K",D,H,NC01,$0,$0,$0,$0,$0,$0,296,2004
"Adams, Alma",D,H,NC12,$0,$0,$0,$0,$0,$0,296,2014
"Norcross, Don",D,H,NJ01,$0,$0,$0,$0,$0,$0,296,2014
"Smith, Chris",R,H,NJ04,$0,$0,$256,$0,$256,$0,296,1980
"Sires, Albio",D,H,NJ08,$0,$0,$0,$0,$0,$0,296,2006
"Payne, Donald M Jr",D,H,NJ10,$0,$0,$0,$0,$0,$0,296,2012
"Frelinghuysen, Rodney",R,H,NJ11,$0,$0,$256,$0,$256,$0,296,1982
"Coleman, Bonnie",D,H,NJ12,$0,$0,$0,$0,$0,$0,296,2014
"Grisham, Michelle Lujan",D,H,NM01,$0,$0,$0,$0,$0,$0,296,2008
"Suozzi, Tom",D,H,NY03,$0,$0,$0,$0,$0,$0,296,2016
"Rice, Kathleen",D,H,NY04,$0,$0,$0,$0,$0,$0,296,2014
"Meng, Grace",D,H,NY06,$0,$0,$0,$0,$0,$0,296,2012
"Jeffries, Hakeem",D,H,NY08,$0,$0,$0,$0,$0,$0,296,2012
"Clarke, Yvette D",D,H,NY09,$0,$0,$0,$0,$0,$0,296,2004
"Donovan, Dan",R,H,NY11,$0,$0,$0,$0,$0,$0,296,2015
"Espaillat, Adriano",D,H,NY13,$0,$0,$0,$0,$0,$0,296,2012
"Maloney, Sean Patrick",D,H,NY18,$0,$0,$0,$0,$0,$0,296,2012
"Tonko, Paul",D,H,NY20,$0,$0,$0,$0,$0,$0,296,2008
"Beatty, Joyce",D,H,OH03,$0,$0,$0,$0,$0,$0,296,2012
"Fudge, Marcia L",D,H,OH11,$0,$0,$0,$0,$0,$0,296,2008
"Blumenauer, Earl",D,H,OR03,$0,$0,$0,$0,$0,$0,296,1996
"Evans, Dwight",D,H,PA02,$0,$0,$0,$0,$0,$0,296,2016
"Fitzpatrick, Brian",R,H,PA08,$0,$0,$0,$0,$0,$0,296,2016
"Boyle, Brendan",D,H,PA13,$0,$0,$0,$0,$0,$0,296,2014
"Cohen, Steve",D,H,TN09,$0,$0,$0,$0,$0,$0,296,1996
"Green, Al",D,H,TX09,$0,$0,$0,$0,$0,$0,296,2004
"Gonzalez, Vicente",D,H,TX15,$0,$0,$0,$0,$0,$0,296,2016
"Castro, Joaquin",D,H,TX20,$0,$0,$0,$0,$0,$0,296,2012
"Veasey, Marc",D,H,TX33,$0,$0,$0,$0,$0,$0,296,2012
"Vela, Filemon",D,H,TX34,$0,$0,$0,$0,$0,$0,296,2012
"McEachin, Donald",D,H,VA04,$0,$0,$0,$0,$0,$0,296,2016
"Beyer, Don",D,H,VA08,$0,$0,$0,$0,$0,$0,296,2014
"Jayapal, Pramila",D,H,WA07,$0,$0,$0,$0,$0,$0,296,2016
"Pocan, Mark",D,H,WI02,$0,$0,$0,$0,$0,$0,296,2012
"Moore, Gwen",D,H,WI04,$0,$0,$0,$0,$0,$0,296,2004
"Kelly, Robin",D,H,IL02,$0,$0,$0,$10,$0,-$10,382,2013
"Lipinski, Daniel",D,H,IL03,$0,$0,$0,$20,$0,-$20,383,2004
"Quigley, Mike",D,H,IL05,$0,$0,$0,$20,$0,-$20,383,2009
"Schneider, Brad",D,H,IL10,$0,$0,$0,$20,$0,-$20,383,2012
"Cleaver, Emanuel",D,H,MO05,$0,$0,$71,$0,$0,-$71,386,2004
"Hirono, Mazie K",D,S,HIS2,$0,$0,$0,$171,$0,-$171,387,2006
"Meeks, Gregory W",D,H,NY05,$0,$0,$252,$0,$0,-$252,388,1998
"Ruppersberger, Dutch",D,H,MD02,$0,$0,$0,$259,$0,-$259,389,2002
"Feinstein, Dianne",D,S,CAS2,$0,$0,$278,$0,$0,-$278,390,1992
"Langevin, Jim",D,H,RI02,$0,$0,$140,$140,$0,-$280,391,2000
"Schatz, Brian",D,S,HIS1,$0,$0,$143,$143,$0,-$286,392,2006
"Gabbard, Tulsi",D,H,HI02,$0,$0,$143,$143,$0,-$286,392,2012
"DeLauro, Rosa L",D,H,CT03,$0,$0,$326,$0,$0,-$326,394,1990
"Rush, Bobby L",D,H,IL01,$0,$0,$328,$0,$0,-$328,395,1992
"Gutierrez, Luis V",D,H,IL04,$0,$0,$328,$0,$0,-$328,395,1992
"Bonamici, Suzanne",D,H,OR01,$0,$0,$188,$188,$0,-$376,397,2012
"Johnson, Eddie Bernice",D,H,TX30,$0,$0,$414,$0,$0,-$414,398,1992
"Markey, Ed",D,S,MAS2,$0,$0,$442,$0,$0,-$442,399,1976
"Neal, Richard E",D,H,MA01,$0,$0,$442,$0,$0,-$442,399,1988
"McGovern, James P",D,H,MA02,$0,$0,$442,$0,$0,-$442,399,1994
"Capuano, Michael E",D,H,MA07,$0,$0,$442,$0,$0,-$442,399,1998
"Doggett, Lloyd",D,H,TX35,$0,$0,$414,$64,$0,-$478,403,1984
"Scott, Bobby",D,H,VA03,$0,$0,$495,$0,$0,-$495,404,1986
"Velazquez, Nydia M",D,H,NY07,$0,$0,$252,$252,$0,-$504,405,1992
"Nadler, Jerrold",D,H,NY10,$0,$0,$252,$252,$0,-$504,405,1992
"Maloney, Carolyn B",D,H,NY12,$0,$0,$252,$252,$0,-$504,405,1992
"Crowley, Joseph",D,H,NY14,$0,$0,$252,$252,$0,-$504,405,1998
"Serrano, Jose E",D,H,NY15,$0,$0,$252,$252,$0,-$504,405,1990
"Engel, Eliot L",D,H,NY16,$0,$0,$252,$252,$0,-$504,405,1988
"Lowey, Nita M",D,H,NY17,$0,$0,$252,$252,$0,-$504,405,1988
"Menendez, Robert",D,S,NJS1,$0,$0,$256,$256,$0,-$512,412,1992
"Pascrell, Bill Jr",D,H,NJ09,$0,$0,$256,$256,$0,-$512,412,1996
"Pelosi, Nancy",D,H,CA12,$0,$0,$278,$278,$0,-$556,414,1987
"Lee, Barbara",D,H,CA13,$0,$0,$278,$278,$0,-$556,414,1998
"Eshoo, Anna",D,H,CA18,$0,$0,$278,$278,$0,-$556,414,1988
"Lofgren, Zoe",D,H,CA19,$0,$0,$278,$278,$0,-$556,414,1994
"Sherman, Brad",D,H,CA30,$0,$0,$278,$278,$0,-$556,414,1996
"Napolitano, Grace",D,H,CA32,$0,$0,$278,$278,$0,-$556,414,1998
"Roybal-Allard, Lucille",D,H,CA40,$0,$0,$278,$278,$0,-$556,414,1992
"Waters, Maxine",D,H,CA43,$0,$0,$278,$293,$0,-$571,421,1990
"Hoyer, Steny H",D,H,MD05,$0,$0,$315,$315,$0,-$630,422,1981
"Cummings, Elijah E",D,H,MD07,$0,$0,$315,$315,$0,-$630,422,1996
"Thompson, Bennie G",D,H,MS02,$0,$0,$320,$320,$0,-$640,424,1993
"Larson, John B",D,H,CT01,$0,$0,$326,$326,$0,-$652,425,1998
"Davis, Danny K",D,H,IL07,$0,$0,$328,$328,$0,-$656,426,1984
"Schakowsky, Jan",D,H,IL09,$0,$0,$328,$328,$0,-$656,426,1998
"Higgins, Clay",R,H,LA03,"$4,500",$0,$0,"$5,165",$0,-$665,428,2016
"Johnson, Hank",D,H,GA04,$0,$0,$678,$0,$0,-$678,429,2006
"Thompson, Mike",D,H,CA05,"$4,000",$0,"$4,413",$278,$0,-$691,430,1998
"Takano, Mark",D,H,CA41,$0,$0,$0,$719,$0,-$719,431,1992
"Lewis, John",D,H,GA05,$0,$0,$381,$381,$0,-$762,432,1986
"Jackson Lee, Sheila",D,H,TX18,$0,$0,$414,$414,$0,-$828,433,1994
"Clay, William L Jr",D,H,MO01,$0,$0,$431,$431,$0,-$862,434,2000
"Visclosky, Pete",D,H,IN01,$0,$0,$432,$432,$0,-$864,435,1984
"Frankel, Lois J",D,H,FL21,$0,$0,$0,$886,$0,-$886,436,2012
"Kaptur, Marcy",D,H,OH09,$0,$0,$443,$443,$0,-$886,436,1982
"Lowenthal, Alan",D,H,CA47,$0,$0,$0,$890,$0,-$890,438,2012
"Price, David",D,H,NC04,$0,$0,$449,$449,$0,-$898,439,1986
"Noem, Kristi",R,H,SD01,"$7,000",$769,$0,"$8,710",$0,-$941,440,2010
"Levin, Sander",D,H,MI09,$0,$0,$495,$495,$0,-$990,441,1982
"Cicilline, David",D,H,RI01,$0,$0,$0,"$1,070",$0,"-$1,070",442,2010
"Brady, Robert A",D,H,PA01,$0,$0,$566,$566,$0,"-$1,132",443,1998
"Doyle, Mike",D,H,PA14,$0,$0,$566,$566,$0,"-$1,132",443,1994
"Cartwright, Matt",D,H,PA17,$0,$0,$0,"$1,239",$0,"-$1,239",445,2012
"Kinzinger, Adam",R,H,IL16,"$8,000",$30,$0,"$9,445",$0,"-$1,415",446,2010
"Jenkins, Evan",R,H,WV03,"$4,000",$0,$0,"$5,552",$0,"-$1,552",447,2014
"Pallone, Frank Jr",D,H,NJ06,$0,$0,$256,"$1,793",$256,"-$1,793",448,1988
"Davis, Susan A",D,H,CA53,$0,$0,"$2,273",$0,$278,"-$1,995",449,2000
"DelBene, Suzan",D,H,WA01,$0,$0,$0,"$2,113",$0,"-$2,113",450,2010
"Carbajal, Salud",D,H,CA24,$0,$0,$0,"$2,194",$0,"-$2,194",451,2016
"Kilmer, Derek",D,H,WA06,$0,$0,$0,"$2,706",$0,"-$2,706",452,2012
"Schiff, Adam",D,H,CA28,$0,$0,"$2,191",$580,$0,"-$2,771",453,2000
"Durbin, Dick",D,S,ILS1,$0,$0,$0,"$3,470",$0,"-$3,470",454,1982
"Lamb, Conor",D,H,PA18,$0,$0,"$1,171","$2,382",$0,"-$3,553",455,2018
"Warren, Elizabeth",D,S,MAS1,$0,$0,"$3,927",$0,$0,"-$3,927",456,2012
"Yarmuth, John A",D,H,KY03,$0,$0,$0,"$4,018",$0,"-$4,018",457,2006
"Ruiz, Raul",D,H,CA36,$0,$0,$0,"$4,320",$0,"-$4,320",458,2012
"Gillibrand, Kirsten",D,S,NYS1,$0,"$4,259",$0,"$9,232",$0,"-$4,973",459,2006
"Grijalva, Raul M",D,H,AZ03,$0,$0,$0,"$5,233",$0,"-$5,233",460,2002
"Cardin, Ben",D,S,MDS1,$0,$0,$315,"$5,410",$0,"-$5,725",461,1986
"Pingree, Chellie",D,H,ME01,$0,$0,$0,"$7,748","$1,701","-$6,047",462,2002
"Duckworth, Tammy",D,S,ILS2,$0,$0,$0,"$6,422",$0,"-$6,422",463,2006
"Heinrich, Martin",D,S,NMS1,"$2,000",$0,$0,"$8,460",$0,"-$6,460",464,2008
"Garamendi, John",D,H,CA03,$0,$0,$0,"$7,030",$0,"-$7,030",465,2009
"Delaney, John K",D,H,MD06,$0,$0,$0,"$7,138",$0,"-$7,138",466,2012
"Peters, Scott",D,H,CA52,$0,$0,$0,"$7,846",$0,"-$7,846",467,2012
"Higgins, Brian M",D,H,NY26,"$5,000",$0,$0,"$13,174",$0,"-$8,174",468,2004
"Foster, Bill",D,H,IL11,$0,$0,$0,"$9,859",$0,"-$9,859",469,2008
"Brownley, Julia",D,H,CA26,$0,$0,$0,"$10,572",$0,"-$10,572",470,2012
"Aguilar, Pete",D,H,CA31,$0,$0,$0,"$12,268",$0,"-$12,268",471,2012
"Abraham, Ralph",R,H,LA05,"$3,000","$2,974",$0,"$18,510",$0,"-$12,536",472,2014
"Bera, Ami",D,H,CA07,$0,$0,$0,"$12,730",$0,"-$12,730",473,2010
"Smith, Tina",D,S,MNS1,$0,$0,$0,"$13,017",$0,"-$13,017",474,2018
"Hanabusa, Colleen",D,H,HI01,$0,$0,$0,"$13,088",$0,"-$13,088",475,2006
"Courtney, Joe",D,H,CT02,$0,$0,$0,"$13,852",$0,"-$13,852",476,2002
"Schumer, Charles E",D,S,NYS2,$0,$0,$0,"$15,184",$0,"-$15,184",477,1980
"McCollum, Betty",D,H,MN04,$0,$0,$427,"$16,093",$0,"-$16,520",478,2000
"Kihuen, Ruben",D,H,NV04,$0,$0,$0,"$16,748",$0,"-$16,748",479,2012
"O'Halleran, Tom",D,H,AZ01,$0,$0,$0,"$19,708",$0,"-$19,708",480,2016
"Demings, Val",D,H,FL10,$0,$0,$93,"$22,976",$0,"-$23,069",481,2012
"Booker, Cory",D,S,NJS2,$0,$0,"$23,641",$0,$0,"-$23,641",482,2013
"Gottheimer, Josh",D,H,NJ05,$0,$0,$0,"$23,961",$0,"-$23,961",483,2016
"Connolly, Gerry",D,H,VA11,$0,$0,$770,"$23,356",$0,"-$24,126",484,2008
"Lawson, Al",D,H,FL05,$0,$0,$92,"$27,448",$0,"-$27,540",485,2010
"Bustos, Cheri",D,H,IL17,$0,$0,$0,"$28,489",$0,"-$28,489",486,2012
"Keating, Bill",D,H,MA09,$0,$0,$0,"$34,202",$0,"-$34,202",487,2010
"Coons, Chris",D,S,DES2,$0,"$26,000","$53,061","$7,702",$0,"-$34,763",488,2010
"Peters, Gary",D,S,MIS1,$0,$0,$511,"$48,344",$0,"-$48,855",489,2008
"Udall, Tom",D,S,NMS2,$0,$0,$0,"$52,154",$0,"-$52,154",490,1982
"Murphy, Stephanie",D,H,FL07,$0,$0,$0,"$59,807",$0,"-$59,807",491,2016
"Larsen, Rick",D,H,WA02,$0,$0,$496,"$62,049",$0,"-$62,545",492,2000
"Loebsack, David",D,H,IA02,$0,$0,$0,"$62,808",$0,"-$62,808",493,2006
"Carper, Tom",D,S,DES1,$0,$0,$0,"$62,853",$0,"-$62,853",494,1982
"Blumenthal, Richard",D,S,CTS2,$0,$0,"$55,221","$9,096",$0,"-$64,317",495,2010
"Perlmutter, Ed",D,H,CO07,$0,$0,$0,"$64,411",$0,"-$64,411",496,2006
"O'Rourke, Beto",D,H,TX16,$0,$0,"$33,860","$34,946",$0,"-$68,806",497,2012
"Titus, Dina",D,H,NV01,$0,$0,"$15,613","$58,941",$0,"-$74,554",498,2008
"Jones, Doug",D,S,ALS1,$0,$0,"$74,759",$0,$0,"-$74,759",499,2002
"Rosen, Jacky",D,H,NV03,$13,$0,"$23,400","$56,712",$0,"-$80,099",500,2016
"Costa, Jim",D,H,CA16,$0,$0,$0,"$81,223",$0,"-$81,223",501,2004
"McNerney, Jerry",D,H,CA09,$0,$0,$199,"$86,518",$0,"-$86,717",502,2004
"Heitkamp, Heidi",D,S,NDS2,$0,$0,"$1,522","$88,946",$0,"-$90,468",503,2012
"Heck, Dennis",D,H,WA10,$0,$0,$0,"$91,801",$0,"-$91,801",504,2010
"Murphy, Christopher S",D,S,CTS1,$0,$0,"$85,074","$16,790",$0,"-$101,864",505,2006
"Merkley, Jeff",D,S,ORS1,$0,$0,$0,"$112,219",$0,"-$112,219",506,2008
"Hassan, Maggie",D,S,NHS1,$0,$0,"$48,098","$91,013",$0,"-$139,111",507,2016
"King, Angus",I,S,MES1,$0,$0,$0,"$142,539",$0,"-$142,539",508,2012
"Klobuchar, Amy",D,S,MNS2,$0,$0,$0,"$153,932",$0,"-$153,932",509,2006
"Kuster, Ann",D,H,NH02,$0,$0,$0,"$181,580",$0,"-$181,580",510,2010
"Shea-Porter, Carol",D,H,NH01,$0,$0,"$41,741","$164,210",$0,"-$205,951",511,2006
"Cantwell, Maria",D,S,WAS1,$0,$0,$496,"$210,400",$0,"-$210,896",512,1992
"Sinema, Kyrsten",D,H,AZ09,$0,$0,"$93,496","$130,363",$0,"-$223,859",513,2012
"Casey, Bob",D,S,PAS2,$0,$0,"$20,404","$308,816",$0,"-$329,220",514,2006
"Shaheen, Jeanne",D,S,NHS2,$0,$0,"$251,409","$156,533",$0,"-$407,942",515,2002
"Manchin, Joe",D,S,WVS1,"$11,450",$0,"$215,204","$241,745",$0,"-$445,499",516,2010
"Warner, Mark",D,S,VAS2,$0,$0,"$204,731","$273,749",$0,"-$478,480",517,1996
"Murray, Patty",D,S,WAS2,$0,$0,"$6,704","$614,798",$0,"-$621,502",518,1992
"Tester, Jon",D,S,MTS1,$0,$0,"$523,051","$200,845",$0,"-$723,896",519,2006
"Kaine, Tim",D,S,VAS1,$0,$0,"$612,441","$113,392",$0,"-$725,833",520,2012
"Baldwin, Tammy",D,S,WIS1,$0,$0,"$387,014","$365,016",$0,"-$752,030",521,1998
"Bennet, Michael F",D,S,COS1,$0,$0,"$38,813","$829,211",$0,"-$868,024",522,2009
"Stabenow, Debbie",D,S,MIS2,$0,$0,$590,"$909,679",$0,"-$910,269",523,1996
"Nelson, Bill",D,S,FLS1,$0,$0,"$626,122","$421,121",$0,"-$1,047,243",524,1980
"Brown, Sherrod",D,S,OHS1,$0,$0,"$907,035","$226,381",$0,"-$1,133,416",525,1992
"Nolan, Rick",D,H,MN08,$0,$0,"$936,159","$315,780",$0,"-$1,251,939",526,1974
"Donnelly, Joe",D,S,INS1,"$13,900",$0,"$1,075,836","$527,043",$0,"-$1,588,979",527,2004
"McCaskill, Claire",D,S,MOS2,$0,$0,"$1,101,442","$1,025,431",$0,"-$2,126,873",528,2006
"Masto, Catherine Cortez",D,S,NVS2,$0,$0,"$2,422,829","$106,476",$0,"-$2,529,305",529,2016